barcode	partecipant	clust5	clust5.col	clust5.explanatory	clust5bis	clust5bis.col	clust5bis.explanatory
TCGA-S9-A6U0-01A-12R-A32Q-07	TCGA-S9-A6U0	c51	red	c51_IDHwt	c51	red2	c51_IDHwt
TCGA-QH-A6XC-01A-12R-A32Q-07	TCGA-QH-A6XC	c52	cyan	c52	c52	cyan	c52
TCGA-IK-8125-01A-11R-2256-07	TCGA-IK-8125	c53	sienna1	c53_codel	c531	darkseagreen	c531_O2
TCGA-DB-A4XA-01A-11R-A26U-07	TCGA-DB-A4XA	c53	sienna1	c53_codel	c532	sienna1	c532_O3
TCGA-S9-A7IX-01A-12R-A34F-07	TCGA-S9-A7IX	c51	red	c51_IDHwt	c51	red2	c51_IDHwt
TCGA-S9-A7J3-01A-21R-A34R-07	TCGA-S9-A7J3	c53	sienna1	c53_codel	c532	sienna1	c532_O3
TCGA-HT-7688-01A-11R-2256-07	TCGA-HT-7688	c52	cyan	c52	c52	cyan	c52
TCGA-E1-A7YE-01A-11R-A34F-07	TCGA-E1-A7YE	c54	blue	c54_nonCodel-pp	c541	blue	c541_G-Cimp-high
TCGA-S9-A7IY-01A-11R-A34F-07	TCGA-S9-A7IY	c53	sienna1	c53_codel	c532	sienna1	c532_O3
TCGA-HW-A5KM-01A-11R-A27Q-07	TCGA-HW-A5KM	c54	blue	c54_nonCodel-pp	c541	blue	c541_G-Cimp-high
TCGA-DU-6542-01A-11R-1896-07	TCGA-DU-6542	c54	blue	c54_nonCodel-pp	c541	blue	c541_G-Cimp-high
TCGA-CS-6290-01A-11R-1708-07	TCGA-CS-6290	c55	magenta	c55_nonCodel-gp	c55	magenta	c55_nonCodel-gp
TCGA-DU-A6S7-01A-21R-A32Q-07	TCGA-DU-A6S7	c54	blue	c54_nonCodel-pp	c541	blue	c541_G-Cimp-high
TCGA-E1-5318-01A-01R-1470-07	TCGA-E1-5318	c53	sienna1	c53_codel	c533	steelblue	c533_O1
TCGA-CS-5393-01A-01R-1470-07	TCGA-CS-5393	c54	blue	c54_nonCodel-pp	c541	blue	c541_G-Cimp-high
TCGA-S9-A7QW-01A-11R-A34F-07	TCGA-S9-A7QW	c54	blue	c54_nonCodel-pp	c541	blue	c541_G-Cimp-high
TCGA-CS-5394-01A-01R-1470-07	TCGA-CS-5394	c53	sienna1	c53_codel	c533	steelblue	c533_O1
TCGA-FG-A70Y-01A-12R-A34R-07	TCGA-FG-A70Y	c55	magenta	c55_nonCodel-gp	c55	magenta	c55_nonCodel-gp
TCGA-HT-8114-01A-11R-2404-07	TCGA-HT-8114	c54	blue	c54_nonCodel-pp	c541	blue	c541_G-Cimp-high
TCGA-WY-A85C-01A-11R-A36H-07	TCGA-WY-A85C	c54	blue	c54_nonCodel-pp	c541	blue	c541_G-Cimp-high
TCGA-TQ-A7RV-01A-21R-A34F-07	TCGA-TQ-A7RV	c54	blue	c54_nonCodel-pp	c541	blue	c541_G-Cimp-high
TCGA-TM-A7C5-01A-11R-A32Q-07	TCGA-TM-A7C5	c53	sienna1	c53_codel	c533	steelblue	c533_O1
TCGA-HT-A4DS-01A-11R-A26U-07	TCGA-HT-A4DS	c55	magenta	c55_nonCodel-gp	c55	magenta	c55_nonCodel-gp
TCGA-DB-5274-01A-01R-1470-07	TCGA-DB-5274	c55	magenta	c55_nonCodel-gp	c55	magenta	c55_nonCodel-gp
TCGA-TM-A84H-01A-11R-A36H-07	TCGA-TM-A84H	c54	blue	c54_nonCodel-pp	c541	blue	c541_G-Cimp-high
TCGA-HT-7856-01A-11R-2403-07	TCGA-HT-7856	c52	cyan	c52	c52	cyan	c52
TCGA-DH-A7UV-01A-12R-A34F-07	TCGA-DH-A7UV	c55	magenta	c55_nonCodel-gp	c55	magenta	c55_nonCodel-gp
TCGA-E1-A7Z2-01A-21R-A34R-07	TCGA-E1-A7Z2	c52	cyan	c52	c52	cyan	c52
TCGA-TM-A7C4-01A-11R-A32Q-07	TCGA-TM-A7C4	c52	cyan	c52	c52	cyan	c52
TCGA-DU-5847-01A-11R-1708-07	TCGA-DU-5847	c51	red	c51_IDHwt	c51	red2	c51_IDHwt
TCGA-DH-A7UU-01A-12R-A34F-07	TCGA-DH-A7UU	c54	blue	c54_nonCodel-pp	c542	gold	c542_G-Cimp-low
TCGA-P5-A781-01A-11R-A32Q-07	TCGA-P5-A781	c53	sienna1	c53_codel	c532	sienna1	c532_O3
TCGA-TM-A84I-01A-11R-A36H-07	TCGA-TM-A84I	c54	blue	c54_nonCodel-pp	c542	gold	c542_G-Cimp-low
TCGA-QH-A6X9-01A-12R-A32Q-07	TCGA-QH-A6X9	c54	blue	c54_nonCodel-pp	c541	blue	c541_G-Cimp-high
TCGA-DH-A66G-01A-21R-A31N-07	TCGA-DH-A66G	c54	blue	c54_nonCodel-pp	c541	blue	c541_G-Cimp-high
TCGA-DB-A64O-01A-11R-A29R-07	TCGA-DB-A64O	c51	red	c51_IDHwt	c51	red2	c51_IDHwt
TCGA-HT-7602-01A-21R-2090-07	TCGA-HT-7602	c55	magenta	c55_nonCodel-gp	c55	magenta	c55_nonCodel-gp
TCGA-FG-8182-01A-11R-2256-07	TCGA-FG-8182	c54	blue	c54_nonCodel-pp	c541	blue	c541_G-Cimp-high
TCGA-RY-A83Y-01A-11R-A36H-07	TCGA-RY-A83Y	c55	magenta	c55_nonCodel-gp	c55	magenta	c55_nonCodel-gp
TCGA-TM-A84L-01A-11R-A36H-07	TCGA-TM-A84L	c55	magenta	c55_nonCodel-gp	c55	magenta	c55_nonCodel-gp
TCGA-P5-A5ET-01A-11R-A27Q-07	TCGA-P5-A5ET	c53	sienna1	c53_codel	c532	sienna1	c532_O3
TCGA-DH-A66D-01A-11R-A31N-07	TCGA-DH-A66D	c54	blue	c54_nonCodel-pp	c541	blue	c541_G-Cimp-high
TCGA-DH-A7UT-01A-12R-A34F-07	TCGA-DH-A7UT	c55	magenta	c55_nonCodel-gp	c55	magenta	c55_nonCodel-gp
TCGA-DU-7018-01A-11R-2027-07	TCGA-DU-7018	c53	sienna1	c53_codel	c533	steelblue	c533_O1
TCGA-TQ-A7RI-01A-11R-A33Z-07	TCGA-TQ-A7RI	c53	sienna1	c53_codel	c532	sienna1	c532_O3
TCGA-FG-8185-01A-11R-2256-07	TCGA-FG-8185	c54	blue	c54_nonCodel-pp	c541	blue	c541_G-Cimp-high
TCGA-HT-7604-01A-11R-2090-07	TCGA-HT-7604	c54	blue	c54_nonCodel-pp	c541	blue	c541_G-Cimp-high
TCGA-FG-A60K-01A-11R-A29R-07	TCGA-FG-A60K	c53	sienna1	c53_codel	c532	sienna1	c532_O3
TCGA-E1-A7Z3-01A-11R-A34R-07	TCGA-E1-A7Z3	c52	cyan	c52	c52	cyan	c52
TCGA-HT-7475-01A-11R-2027-07	TCGA-HT-7475	c52	cyan	c52	c52	cyan	c52
TCGA-WY-A85E-01A-11R-A36H-07	TCGA-WY-A85E	c54	blue	c54_nonCodel-pp	c541	blue	c541_G-Cimp-high
TCGA-HT-7474-01A-11R-2027-07	TCGA-HT-7474	c52	cyan	c52	c52	cyan	c52
TCGA-QH-A86X-01A-11R-A36H-07	TCGA-QH-A86X	c53	sienna1	c53_codel	c532	sienna1	c532_O3
TCGA-HT-7857-01A-11R-2403-07	TCGA-HT-7857	c51	red	c51_IDHwt	c51	red2	c51_IDHwt
TCGA-S9-A7R3-01A-11R-A34R-07	TCGA-S9-A7R3	c55	magenta	c55_nonCodel-gp	c55	magenta	c55_nonCodel-gp
TCGA-QH-A6X3-01A-21R-A32Q-07	TCGA-QH-A6X3	c54	blue	c54_nonCodel-pp	c541	blue	c541_G-Cimp-high
TCGA-VM-A8CF-01A-11R-A36H-07	TCGA-VM-A8CF	c55	magenta	c55_nonCodel-gp	c55	magenta	c55_nonCodel-gp
TCGA-FG-A4MT-01A-11R-A26U-07	TCGA-FG-A4MT	c54	blue	c54_nonCodel-pp	c541	blue	c541_G-Cimp-high
TCGA-QH-A6CX-01A-11R-A32Q-07	TCGA-QH-A6CX	c51	red	c51_IDHwt	c51	red2	c51_IDHwt
TCGA-DB-A4XD-01A-11R-A27Q-07	TCGA-DB-A4XD	c54	blue	c54_nonCodel-pp	c541	blue	c541_G-Cimp-high
TCGA-TM-A84T-01A-11R-A36H-07	TCGA-TM-A84T	c54	blue	c54_nonCodel-pp	c541	blue	c541_G-Cimp-high
TCGA-TM-A84M-01A-11R-A36H-07	TCGA-TM-A84M	c53	sienna1	c53_codel	c533	steelblue	c533_O1
TCGA-CS-6667-01A-12R-2027-07	TCGA-CS-6667	c54	blue	c54_nonCodel-pp	c541	blue	c541_G-Cimp-high
TCGA-DH-5142-01A-01R-1470-07	TCGA-DH-5142	c54	blue	c54_nonCodel-pp	c541	blue	c541_G-Cimp-high
TCGA-S9-A6U1-01A-21R-A33Z-07	TCGA-S9-A6U1	c54	blue	c54_nonCodel-pp	c541	blue	c541_G-Cimp-high
TCGA-QH-A6CU-01A-11R-A31N-07	TCGA-QH-A6CU	c55	magenta	c55_nonCodel-gp	c55	magenta	c55_nonCodel-gp
TCGA-E1-A7YJ-01A-11R-A34F-07	TCGA-E1-A7YJ	c51	red	c51_IDHwt	c51	red2	c51_IDHwt
TCGA-DU-7008-01A-11R-2027-07	TCGA-DU-7008	c54	blue	c54_nonCodel-pp	c541	blue	c541_G-Cimp-high
TCGA-HT-8015-01B-11R-A28M-07	TCGA-HT-8015	c52	cyan	c52	c52	cyan	c52
TCGA-HT-7606-01A-11R-2090-07	TCGA-HT-7606	c54	blue	c54_nonCodel-pp	c542	gold	c542_G-Cimp-low
TCGA-DU-8167-01A-11R-2256-07	TCGA-DU-8167	c55	magenta	c55_nonCodel-gp	c55	magenta	c55_nonCodel-gp
TCGA-HT-7691-01A-11R-2256-07	TCGA-HT-7691	c51	red	c51_IDHwt	c51	red2	c51_IDHwt
TCGA-QH-A6X5-01A-12R-A32Q-07	TCGA-QH-A6X5	c55	magenta	c55_nonCodel-gp	c55	magenta	c55_nonCodel-gp
TCGA-S9-A7IZ-01A-11R-A34F-07	TCGA-S9-A7IZ	c54	blue	c54_nonCodel-pp	c541	blue	c541_G-Cimp-high
TCGA-DU-A5TU-01A-11R-A28M-07	TCGA-DU-A5TU	c55	magenta	c55_nonCodel-gp	c55	magenta	c55_nonCodel-gp
TCGA-CS-6188-01A-11R-1896-07	TCGA-CS-6188	c51	red	c51_IDHwt	c51	red2	c51_IDHwt
TCGA-HT-7858-01A-11R-2403-07	TCGA-HT-7858	c55	magenta	c55_nonCodel-gp	c55	magenta	c55_nonCodel-gp
TCGA-VW-A8FI-01A-11R-A36H-07	TCGA-VW-A8FI	c51	red	c51_IDHwt	c51	red2	c51_IDHwt
TCGA-WH-A86K-01A-11R-A36H-07	TCGA-WH-A86K	c55	magenta	c55_nonCodel-gp	c55	magenta	c55_nonCodel-gp
TCGA-DU-6405-01A-11R-1708-07	TCGA-DU-6405	c51	red	c51_IDHwt	c51	red2	c51_IDHwt
TCGA-CS-5397-01A-01R-1896-07	TCGA-CS-5397	c52	cyan	c52	c52	cyan	c52
TCGA-TQ-A7RF-01A-11R-A33Z-07	TCGA-TQ-A7RF	c55	magenta	c55_nonCodel-gp	c55	magenta	c55_nonCodel-gp
TCGA-DB-A4XE-01A-11R-A27Q-07	TCGA-DB-A4XE	c54	blue	c54_nonCodel-pp	c541	blue	c541_G-Cimp-high
TCGA-R8-A6ML-01A-11R-A32Q-07	TCGA-R8-A6ML	c53	sienna1	c53_codel	c532	sienna1	c532_O3
TCGA-FG-A713-01A-11R-A32Q-07	TCGA-FG-A713	c52	cyan	c52	c52	cyan	c52
TCGA-HT-A616-01A-11R-A29R-07	TCGA-HT-A616	c52	cyan	c52	c52	cyan	c52
TCGA-FG-8188-01A-11R-2256-07	TCGA-FG-8188	c55	magenta	c55_nonCodel-gp	c55	magenta	c55_nonCodel-gp
TCGA-TM-A84J-01A-11R-A36H-07	TCGA-TM-A84J	c54	blue	c54_nonCodel-pp	c542	gold	c542_G-Cimp-low
TCGA-DU-7306-01A-11R-2090-07	TCGA-DU-7306	c54	blue	c54_nonCodel-pp	c541	blue	c541_G-Cimp-high
TCGA-TM-A84C-01A-11R-A36H-07	TCGA-TM-A84C	c51	red	c51_IDHwt	c51	red2	c51_IDHwt
TCGA-CS-4938-01B-11R-1896-07	TCGA-CS-4938	c54	blue	c54_nonCodel-pp	c541	blue	c541_G-Cimp-high
TCGA-HT-7605-01A-11R-2090-07	TCGA-HT-7605	c52	cyan	c52	c52	cyan	c52
TCGA-HW-7493-01A-11R-2027-07	TCGA-HW-7493	c54	blue	c54_nonCodel-pp	c541	blue	c541_G-Cimp-high
TCGA-VM-A8CH-01A-12R-A36H-07	TCGA-VM-A8CH	c54	blue	c54_nonCodel-pp	c541	blue	c541_G-Cimp-high
TCGA-HT-7873-01B-11R-2403-07	TCGA-HT-7873	c54	blue	c54_nonCodel-pp	c541	blue	c541_G-Cimp-high
TCGA-E1-5322-01A-01R-1470-07	TCGA-E1-5322	c54	blue	c54_nonCodel-pp	c541	blue	c541_G-Cimp-high
TCGA-TM-A84R-01A-21R-A36H-07	TCGA-TM-A84R	c52	cyan	c52	c52	cyan	c52
TCGA-S9-A6TU-01A-12R-A32Q-07	TCGA-S9-A6TU	c55	magenta	c55_nonCodel-gp	c55	magenta	c55_nonCodel-gp
TCGA-FG-A4MU-01B-11R-A28M-07	TCGA-FG-A4MU	c51	red	c51_IDHwt	c51	red2	c51_IDHwt
TCGA-FG-A60J-01A-11R-A28M-07	TCGA-FG-A60J	c54	blue	c54_nonCodel-pp	c541	blue	c541_G-Cimp-high
TCGA-HT-8019-01A-21R-2404-07	TCGA-HT-8019	c52	cyan	c52	c52	cyan	c52
TCGA-DB-5281-01A-01R-1470-07	TCGA-DB-5281	c52	cyan	c52	c52	cyan	c52
TCGA-E1-5303-01A-01R-1470-07	TCGA-E1-5303	c55	magenta	c55_nonCodel-gp	c55	magenta	c55_nonCodel-gp
TCGA-FG-8181-01A-11R-2256-07	TCGA-FG-8181	c52	cyan	c52	c52	cyan	c52
TCGA-VW-A7QS-01A-12R-A33Z-07	TCGA-VW-A7QS	c53	sienna1	c53_codel	c533	steelblue	c533_O1
TCGA-DB-A75L-01A-11R-A32Q-07	TCGA-DB-A75L	c54	blue	c54_nonCodel-pp	c541	blue	c541_G-Cimp-high
TCGA-S9-A6U5-01A-12R-A33Z-07	TCGA-S9-A6U5	c53	sienna1	c53_codel	c532	sienna1	c532_O3
TCGA-P5-A5EX-01A-12R-A28M-07	TCGA-P5-A5EX	c51	red	c51_IDHwt	c51	red2	c51_IDHwt
TCGA-E1-A7Z4-01A-11R-A34R-07	TCGA-E1-A7Z4	c55	magenta	c55_nonCodel-gp	c55	magenta	c55_nonCodel-gp
TCGA-DB-5270-01A-02R-1470-07	TCGA-DB-5270	c52	cyan	c52	c52	cyan	c52
TCGA-HT-A61B-01A-11R-A29R-07	TCGA-HT-A61B	c55	magenta	c55_nonCodel-gp	c55	magenta	c55_nonCodel-gp
TCGA-DU-6410-01A-11R-1896-07	TCGA-DU-6410	c53	sienna1	c53_codel	c533	steelblue	c533_O1
TCGA-S9-A6WM-01A-12R-A33Z-07	TCGA-S9-A6WM	c51	red	c51_IDHwt	c51	red2	c51_IDHwt
TCGA-DB-A64U-01A-11R-A29R-07	TCGA-DB-A64U	c53	sienna1	c53_codel	c532	sienna1	c532_O3
TCGA-FG-A6IZ-01A-11R-A31N-07	TCGA-FG-A6IZ	c55	magenta	c55_nonCodel-gp	c55	magenta	c55_nonCodel-gp
TCGA-DU-6406-01A-11R-1708-07	TCGA-DU-6406	c51	red	c51_IDHwt	c51	red2	c51_IDHwt
TCGA-E1-A7Z6-01A-11R-A34R-07	TCGA-E1-A7Z6	c55	magenta	c55_nonCodel-gp	c55	magenta	c55_nonCodel-gp
TCGA-HT-7884-01B-11R-2403-07	TCGA-HT-7884	c54	blue	c54_nonCodel-pp	c541	blue	c541_G-Cimp-high
TCGA-P5-A5F0-01A-11R-A28M-07	TCGA-P5-A5F0	c53	sienna1	c53_codel	c531	darkseagreen	c531_O2
TCGA-DU-A6S6-01A-21R-A32Q-07	TCGA-DU-A6S6	c53	sienna1	c53_codel	c531	darkseagreen	c531_O2
TCGA-HT-7601-01A-11R-2090-07	TCGA-HT-7601	c54	blue	c54_nonCodel-pp	c541	blue	c541_G-Cimp-high
TCGA-DU-6403-01A-11R-1708-07	TCGA-DU-6403	c54	blue	c54_nonCodel-pp	c542	gold	c542_G-Cimp-low
TCGA-E1-A7YS-01A-11R-A34F-07	TCGA-E1-A7YS	c53	sienna1	c53_codel	c533	steelblue	c533_O1
TCGA-WY-A85D-01A-11R-A36H-07	TCGA-WY-A85D	c55	magenta	c55_nonCodel-gp	c55	magenta	c55_nonCodel-gp
TCGA-P5-A5F6-01A-11R-A28M-07	TCGA-P5-A5F6	c51	red	c51_IDHwt	c51	red2	c51_IDHwt
TCGA-E1-5319-01A-01R-1896-07	TCGA-E1-5319	c53	sienna1	c53_codel	c532	sienna1	c532_O3
TCGA-TQ-A7RW-01A-11R-A33Z-07	TCGA-TQ-A7RW	c54	blue	c54_nonCodel-pp	c541	blue	c541_G-Cimp-high
TCGA-F6-A8O4-01A-11R-A36H-07	TCGA-F6-A8O4	c54	blue	c54_nonCodel-pp	c541	blue	c541_G-Cimp-high
TCGA-P5-A731-01A-11R-A32Q-07	TCGA-P5-A731	c54	blue	c54_nonCodel-pp	c541	blue	c541_G-Cimp-high
TCGA-HT-7471-01A-11R-2256-07	TCGA-HT-7471	c53	sienna1	c53_codel	c533	steelblue	c533_O1
TCGA-HT-7681-01A-11R-2403-07	TCGA-HT-7681	c52	cyan	c52	c52	cyan	c52
TCGA-P5-A736-01A-11R-A32Q-07	TCGA-P5-A736	c55	magenta	c55_nonCodel-gp	c55	magenta	c55_nonCodel-gp
TCGA-R8-A6YH-01A-21R-A32Q-07	TCGA-R8-A6YH	c54	blue	c54_nonCodel-pp	c541	blue	c541_G-Cimp-high
TCGA-DH-A66B-01A-11R-A29R-07	TCGA-DH-A66B	c54	blue	c54_nonCodel-pp	c541	blue	c541_G-Cimp-high
TCGA-DB-A4XF-01A-11R-A27Q-07	TCGA-DB-A4XF	c54	blue	c54_nonCodel-pp	c541	blue	c541_G-Cimp-high
TCGA-R8-A6MO-01A-11R-A33Z-07	TCGA-R8-A6MO	c53	sienna1	c53_codel	c532	sienna1	c532_O3
TCGA-DU-7009-01A-11R-2027-07	TCGA-DU-7009	c53	sienna1	c53_codel	c531	darkseagreen	c531_O2
TCGA-DU-5854-01A-11R-1708-07	TCGA-DU-5854	c51	red	c51_IDHwt	c51	red2	c51_IDHwt
TCGA-S9-A6WO-01A-21R-A34F-07	TCGA-S9-A6WO	c54	blue	c54_nonCodel-pp	c541	blue	c541_G-Cimp-high
TCGA-DU-A6S3-01A-12R-A32Q-07	TCGA-DU-A6S3	c53	sienna1	c53_codel	c531	darkseagreen	c531_O2
TCGA-DB-5277-01A-01R-1470-07	TCGA-DB-5277	c54	blue	c54_nonCodel-pp	c542	gold	c542_G-Cimp-low
TCGA-E1-A7YL-01A-11R-A34F-07	TCGA-E1-A7YL	c51	red	c51_IDHwt	c51	red2	c51_IDHwt
TCGA-FG-6691-01A-11R-1896-07	TCGA-FG-6691	c54	blue	c54_nonCodel-pp	c541	blue	c541_G-Cimp-high
TCGA-HT-7470-01A-12R-2090-07	TCGA-HT-7470	c52	cyan	c52	c52	cyan	c52
TCGA-HT-7478-01A-11R-2027-07	TCGA-HT-7478	c54	blue	c54_nonCodel-pp	c541	blue	c541_G-Cimp-high
TCGA-HW-A5KK-01A-11R-A27Q-07	TCGA-HW-A5KK	c51	red	c51_IDHwt	c51	red2	c51_IDHwt
TCGA-DU-6397-01A-11R-1708-07	TCGA-DU-6397	c53	sienna1	c53_codel	c532	sienna1	c532_O3
TCGA-TQ-A7RM-01A-11R-A33Z-07	TCGA-TQ-A7RM	c54	blue	c54_nonCodel-pp	c542	gold	c542_G-Cimp-low
TCGA-DU-6400-01A-12R-1708-07	TCGA-DU-6400	c53	sienna1	c53_codel	c533	steelblue	c533_O1
TCGA-FG-7636-01A-11R-2090-07	TCGA-FG-7636	c54	blue	c54_nonCodel-pp	c541	blue	c541_G-Cimp-high
TCGA-QH-A6X8-01A-12R-A32Q-07	TCGA-QH-A6X8	c53	sienna1	c53_codel	c532	sienna1	c532_O3
TCGA-DU-8163-01A-11R-2256-07	TCGA-DU-8163	c54	blue	c54_nonCodel-pp	c541	blue	c541_G-Cimp-high
TCGA-DU-8165-01A-11R-2256-07	TCGA-DU-8165	c51	red	c51_IDHwt	c51	red2	c51_IDHwt
TCGA-P5-A5EV-01A-11R-A27Q-07	TCGA-P5-A5EV	c54	blue	c54_nonCodel-pp	c541	blue	c541_G-Cimp-high
TCGA-DU-5874-01A-11R-1708-07	TCGA-DU-5874	c53	sienna1	c53_codel	c533	steelblue	c533_O1
TCGA-DU-A7T6-01A-11R-A33Z-07	TCGA-DU-A7T6	c53	sienna1	c53_codel	c533	steelblue	c533_O1
TCGA-VM-A8CE-01A-11R-A36H-07	TCGA-VM-A8CE	c53	sienna1	c53_codel	c532	sienna1	c532_O3
TCGA-DH-5143-01A-01R-1470-07	TCGA-DH-5143	c54	blue	c54_nonCodel-pp	c541	blue	c541_G-Cimp-high
TCGA-FG-A711-01A-21R-A33Z-07	TCGA-FG-A711	c54	blue	c54_nonCodel-pp	c541	blue	c541_G-Cimp-high
TCGA-DU-6404-01A-11R-1708-07	TCGA-DU-6404	c51	red	c51_IDHwt	c51	red2	c51_IDHwt
TCGA-S9-A6TX-01A-21R-A32Q-07	TCGA-S9-A6TX	c53	sienna1	c53_codel	c532	sienna1	c532_O3
TCGA-HT-7692-01A-12R-2256-07	TCGA-HT-7692	c53	sienna1	c53_codel	c533	steelblue	c533_O1
TCGA-HT-7616-01A-11R-2256-07	TCGA-HT-7616	c53	sienna1	c53_codel	c533	steelblue	c533_O1
TCGA-E1-A7YD-01A-11R-A34F-07	TCGA-E1-A7YD	c51	red	c51_IDHwt	c51	red2	c51_IDHwt
TCGA-FG-7641-01B-11R-2256-07	TCGA-FG-7641	c53	sienna1	c53_codel	c531	darkseagreen	c531_O2
TCGA-HT-A74J-01A-12R-A32Q-07	TCGA-HT-A74J	c54	blue	c54_nonCodel-pp	c541	blue	c541_G-Cimp-high
TCGA-HT-7687-01A-11R-2256-07	TCGA-HT-7687	c53	sienna1	c53_codel	c533	steelblue	c533_O1
TCGA-HT-A4DV-01A-11R-A26U-07	TCGA-HT-A4DV	c55	magenta	c55_nonCodel-gp	c55	magenta	c55_nonCodel-gp
TCGA-HT-7483-01A-11R-2027-07	TCGA-HT-7483	c54	blue	c54_nonCodel-pp	c541	blue	c541_G-Cimp-high
TCGA-E1-A7YW-01A-11R-A34R-07	TCGA-E1-A7YW	c54	blue	c54_nonCodel-pp	c541	blue	c541_G-Cimp-high
TCGA-S9-A6WP-01A-12R-A34F-07	TCGA-S9-A6WP	c53	sienna1	c53_codel	c532	sienna1	c532_O3
TCGA-DB-5279-01A-03R-2347-07	TCGA-DB-5279	c53	sienna1	c53_codel	c532	sienna1	c532_O3
TCGA-FG-5964-01A-11R-1708-07	TCGA-FG-5964	c53	sienna1	c53_codel	c531	darkseagreen	c531_O2
TCGA-HT-8104-01A-11R-2404-07	TCGA-HT-8104	c51	red	c51_IDHwt	c51	red2	c51_IDHwt
TCGA-TM-A84F-01A-11R-A36H-07	TCGA-TM-A84F	c55	magenta	c55_nonCodel-gp	c55	magenta	c55_nonCodel-gp
TCGA-CS-6669-01A-11R-1896-07	TCGA-CS-6669	c52	cyan	c52	c52	cyan	c52
TCGA-S9-A6U2-01A-21R-A33Z-07	TCGA-S9-A6U2	c53	sienna1	c53_codel	c532	sienna1	c532_O3
TCGA-HT-A61C-01A-11R-A29R-07	TCGA-HT-A61C	c51	red	c51_IDHwt	c51	red2	c51_IDHwt
TCGA-P5-A5EZ-01A-11R-A27Q-07	TCGA-P5-A5EZ	c55	magenta	c55_nonCodel-gp	c55	magenta	c55_nonCodel-gp
TCGA-HT-8564-01A-11R-2404-07	TCGA-HT-8564	c52	cyan	c52	c52	cyan	c52
TCGA-S9-A7IS-01A-11R-A34F-07	TCGA-S9-A7IS	c54	blue	c54_nonCodel-pp	c542	gold	c542_G-Cimp-low
TCGA-HT-7860-01A-11R-2403-07	TCGA-HT-7860	c51	red	c51_IDHwt	c51	red2	c51_IDHwt
TCGA-HT-8108-01A-11R-2404-07	TCGA-HT-8108	c54	blue	c54_nonCodel-pp	c541	blue	c541_G-Cimp-high
TCGA-DU-7309-01A-11R-2090-07	TCGA-DU-7309	c52	cyan	c52	c52	cyan	c52
TCGA-HT-7695-01A-11R-2256-07	TCGA-HT-7695	c52	cyan	c52	c52	cyan	c52
TCGA-S9-A7R4-01A-12R-A34R-07	TCGA-S9-A7R4	c54	blue	c54_nonCodel-pp	c541	blue	c541_G-Cimp-high
TCGA-HT-8109-01A-11R-2404-07	TCGA-HT-8109	c52	cyan	c52	c52	cyan	c52
TCGA-HT-8110-01A-11R-2404-07	TCGA-HT-8110	c51	red	c51_IDHwt	c51	red2	c51_IDHwt
TCGA-VM-A8C8-01A-11R-A36H-07	TCGA-VM-A8C8	c55	magenta	c55_nonCodel-gp	c55	magenta	c55_nonCodel-gp
TCGA-DU-7010-01A-11R-2027-07	TCGA-DU-7010	c54	blue	c54_nonCodel-pp	c542	gold	c542_G-Cimp-low
TCGA-QH-A6XA-01A-12R-A32Q-07	TCGA-QH-A6XA	c54	blue	c54_nonCodel-pp	c541	blue	c541_G-Cimp-high
TCGA-QH-A6CW-01A-11R-A32Q-07	TCGA-QH-A6CW	c54	blue	c54_nonCodel-pp	c541	blue	c541_G-Cimp-high
TCGA-HT-8018-01A-11R-2404-07	TCGA-HT-8018	c52	cyan	c52	c52	cyan	c52
TCGA-FG-A710-01A-12R-A33Z-07	TCGA-FG-A710	c53	sienna1	c53_codel	c531	darkseagreen	c531_O2
TCGA-FG-8191-01A-11R-2256-07	TCGA-FG-8191	c55	magenta	c55_nonCodel-gp	c55	magenta	c55_nonCodel-gp
TCGA-DB-A64V-01A-11R-A29R-07	TCGA-DB-A64V	c55	magenta	c55_nonCodel-gp	c55	magenta	c55_nonCodel-gp
TCGA-HT-8106-01A-11R-2404-07	TCGA-HT-8106	c51	red	c51_IDHwt	c51	red2	c51_IDHwt
TCGA-HW-A5KL-01A-11R-A27Q-07	TCGA-HW-A5KL	c54	blue	c54_nonCodel-pp	c541	blue	c541_G-Cimp-high
TCGA-HT-7854-01A-11R-2256-07	TCGA-HT-7854	c51	red	c51_IDHwt	c51	red2	c51_IDHwt
TCGA-TQ-A7RN-01A-11R-A33Z-07	TCGA-TQ-A7RN	c53	sienna1	c53_codel	c532	sienna1	c532_O3
TCGA-HT-A5R9-01A-11R-A28M-07	TCGA-HT-A5R9	c53	sienna1	c53_codel	c533	steelblue	c533_O1
TCGA-HT-A615-01A-11R-A29R-07	TCGA-HT-A615	c53	sienna1	c53_codel	c532	sienna1	c532_O3
TCGA-DB-5275-01A-01R-1470-07	TCGA-DB-5275	c54	blue	c54_nonCodel-pp	c541	blue	c541_G-Cimp-high
TCGA-DU-7015-01A-11R-2027-07	TCGA-DU-7015	c54	blue	c54_nonCodel-pp	c541	blue	c541_G-Cimp-high
TCGA-FG-5965-01B-11R-1896-07	TCGA-FG-5965	c54	blue	c54_nonCodel-pp	c541	blue	c541_G-Cimp-high
TCGA-HT-7481-01A-11R-2027-07	TCGA-HT-7481	c53	sienna1	c53_codel	c531	darkseagreen	c531_O2
TCGA-DB-A64Q-01A-11R-A29R-07	TCGA-DB-A64Q	c53	sienna1	c53_codel	c532	sienna1	c532_O3
TCGA-HT-7467-01A-11R-2027-07	TCGA-HT-7467	c53	sienna1	c53_codel	c531	darkseagreen	c531_O2
TCGA-DU-5852-01A-11R-1708-07	TCGA-DU-5852	c51	red	c51_IDHwt	c51	red2	c51_IDHwt
TCGA-HT-7485-01A-11R-2027-07	TCGA-HT-7485	c54	blue	c54_nonCodel-pp	c541	blue	c541_G-Cimp-high
TCGA-HT-7607-01A-11R-2090-07	TCGA-HT-7607	c52	cyan	c52	c52	cyan	c52
TCGA-VM-A8CB-01A-11R-A36H-07	TCGA-VM-A8CB	c53	sienna1	c53_codel	c533	steelblue	c533_O1
TCGA-DU-A6S8-01A-12R-A32Q-07	TCGA-DU-A6S8	c53	sienna1	c53_codel	c533	steelblue	c533_O1
TCGA-VV-A829-01A-21R-A36H-07	TCGA-VV-A829	c53	sienna1	c53_codel	c533	steelblue	c533_O1
TCGA-R8-A6MK-01A-11R-A32Q-07	TCGA-R8-A6MK	c53	sienna1	c53_codel	c532	sienna1	c532_O3
TCGA-DU-A5TR-01A-11R-A28M-07	TCGA-DU-A5TR	c55	magenta	c55_nonCodel-gp	c55	magenta	c55_nonCodel-gp
TCGA-S9-A6WQ-01A-12R-A34F-07	TCGA-S9-A6WQ	c55	magenta	c55_nonCodel-gp	c55	magenta	c55_nonCodel-gp
TCGA-S9-A6WD-01A-12R-A33Z-07	TCGA-S9-A6WD	c53	sienna1	c53_codel	c532	sienna1	c532_O3
TCGA-HT-7468-01A-11R-2027-07	TCGA-HT-7468	c53	sienna1	c53_codel	c533	steelblue	c533_O1
TCGA-TQ-A7RG-01A-11R-A33Z-07	TCGA-TQ-A7RG	c53	sienna1	c53_codel	c532	sienna1	c532_O3
TCGA-FG-5963-01A-11R-1708-07	TCGA-FG-5963	c51	red	c51_IDHwt	c51	red2	c51_IDHwt
TCGA-P5-A780-01A-12R-A32Q-07	TCGA-P5-A780	c55	magenta	c55_nonCodel-gp	c55	magenta	c55_nonCodel-gp
TCGA-TM-A7CA-01A-21R-A33Z-07	TCGA-TM-A7CA	c54	blue	c54_nonCodel-pp	c541	blue	c541_G-Cimp-high
TCGA-DU-A7TB-01A-11R-A33Z-07	TCGA-DU-A7TB	c55	magenta	c55_nonCodel-gp	c55	magenta	c55_nonCodel-gp
TCGA-FG-A6J3-01A-11R-A31N-07	TCGA-FG-A6J3	c55	magenta	c55_nonCodel-gp	c55	magenta	c55_nonCodel-gp
TCGA-HT-A614-01A-11R-A29R-07	TCGA-HT-A614	c55	magenta	c55_nonCodel-gp	c55	magenta	c55_nonCodel-gp
TCGA-KT-A7W1-01A-11R-A34F-07	TCGA-KT-A7W1	c51	red	c51_IDHwt	c51	red2	c51_IDHwt
TCGA-S9-A89Z-01A-11R-A36H-07	TCGA-S9-A89Z	c55	magenta	c55_nonCodel-gp	c55	magenta	c55_nonCodel-gp
TCGA-DH-5141-01A-01R-1470-07	TCGA-DH-5141	c53	sienna1	c53_codel	c532	sienna1	c532_O3
TCGA-DB-A4XC-01A-11R-A26U-07	TCGA-DB-A4XC	c54	blue	c54_nonCodel-pp	c541	blue	c541_G-Cimp-high
TCGA-DB-A64S-01A-11R-A29R-07	TCGA-DB-A64S	c55	magenta	c55_nonCodel-gp	c55	magenta	c55_nonCodel-gp
TCGA-DU-7300-01A-21R-2090-07	TCGA-DU-7300	c52	cyan	c52	c52	cyan	c52
TCGA-DB-A4XG-01A-11R-A27Q-07	TCGA-DB-A4XG	c53	sienna1	c53_codel	c533	steelblue	c533_O1
TCGA-WY-A85B-01A-11R-A36H-07	TCGA-WY-A85B	c54	blue	c54_nonCodel-pp	c541	blue	c541_G-Cimp-high
TCGA-DU-5849-01A-11R-1708-07	TCGA-DU-5849	c53	sienna1	c53_codel	c531	darkseagreen	c531_O2
TCGA-HT-7686-01A-11R-2256-07	TCGA-HT-7686	c54	blue	c54_nonCodel-pp	c541	blue	c541_G-Cimp-high
TCGA-HT-7608-01A-11R-2090-07	TCGA-HT-7608	c53	sienna1	c53_codel	c532	sienna1	c532_O3
TCGA-FG-A4MX-01A-11R-A26U-07	TCGA-FG-A4MX	c55	magenta	c55_nonCodel-gp	c55	magenta	c55_nonCodel-gp
TCGA-DU-A7TG-01A-21R-A34R-07	TCGA-DU-A7TG	c52	cyan	c52	c52	cyan	c52
TCGA-HW-8319-01A-11R-2404-07	TCGA-HW-8319	c54	blue	c54_nonCodel-pp	c541	blue	c541_G-Cimp-high
TCGA-DU-A5TP-01A-11R-A28M-07	TCGA-DU-A5TP	c51	red	c51_IDHwt	c51	red2	c51_IDHwt
TCGA-P5-A730-01A-11R-A32Q-07	TCGA-P5-A730	c53	sienna1	c53_codel	c532	sienna1	c532_O3
TCGA-S9-A6UA-01A-12R-A33Z-07	TCGA-S9-A6UA	c51	red	c51_IDHwt	c51	red2	c51_IDHwt
TCGA-FG-A87N-01A-11R-A36H-07	TCGA-FG-A87N	c54	blue	c54_nonCodel-pp	c542	gold	c542_G-Cimp-low
TCGA-DB-5273-01A-01R-1470-07	TCGA-DB-5273	c54	blue	c54_nonCodel-pp	c541	blue	c541_G-Cimp-high
TCGA-P5-A77X-01A-11R-A32Q-07	TCGA-P5-A77X	c53	sienna1	c53_codel	c531	darkseagreen	c531_O2
TCGA-F6-A8O3-01A-11R-A36H-07	TCGA-F6-A8O3	c53	sienna1	c53_codel	c533	steelblue	c533_O1
TCGA-DU-A7TD-01A-12R-A34F-07	TCGA-DU-A7TD	c51	red	c51_IDHwt	c51	red2	c51_IDHwt
TCGA-S9-A7R8-01A-11R-A34R-07	TCGA-S9-A7R8	c54	blue	c54_nonCodel-pp	c541	blue	c541_G-Cimp-high
TCGA-S9-A89V-01A-11R-A36H-07	TCGA-S9-A89V	c54	blue	c54_nonCodel-pp	c541	blue	c541_G-Cimp-high
TCGA-TQ-A7RJ-01A-11R-A33Z-07	TCGA-TQ-A7RJ	c54	blue	c54_nonCodel-pp	c541	blue	c541_G-Cimp-high
TCGA-HT-A618-01A-11R-A29R-07	TCGA-HT-A618	c54	blue	c54_nonCodel-pp	c541	blue	c541_G-Cimp-high
TCGA-FG-A60L-01A-12R-A31N-07	TCGA-FG-A60L	c55	magenta	c55_nonCodel-gp	c55	magenta	c55_nonCodel-gp
TCGA-DU-6394-01A-11R-1708-07	TCGA-DU-6394	c53	sienna1	c53_codel	c533	steelblue	c533_O1
TCGA-S9-A6U6-01A-12R-A33Z-07	TCGA-S9-A6U6	c54	blue	c54_nonCodel-pp	c541	blue	c541_G-Cimp-high
TCGA-HT-7680-01A-11R-2256-07	TCGA-HT-7680	c51	red	c51_IDHwt	c51	red2	c51_IDHwt
TCGA-S9-A7R7-01A-11R-A34R-07	TCGA-S9-A7R7	c51	red	c51_IDHwt	c51	red2	c51_IDHwt
TCGA-DB-A64W-01A-11R-A29R-07	TCGA-DB-A64W	c53	sienna1	c53_codel	c531	darkseagreen	c531_O2
TCGA-DH-A66F-01A-11R-A29R-07	TCGA-DH-A66F	c53	sienna1	c53_codel	c532	sienna1	c532_O3
TCGA-E1-5311-01A-01R-1470-07	TCGA-E1-5311	c53	sienna1	c53_codel	c531	darkseagreen	c531_O2
TCGA-E1-A7YU-01A-11R-A34R-07	TCGA-E1-A7YU	c55	magenta	c55_nonCodel-gp	c55	magenta	c55_nonCodel-gp
TCGA-HT-8105-01A-11R-2404-07	TCGA-HT-8105	c53	sienna1	c53_codel	c531	darkseagreen	c531_O2
TCGA-E1-A7YM-01A-11R-A34F-07	TCGA-E1-A7YM	c51	red	c51_IDHwt	c51	red2	c51_IDHwt
TCGA-VM-A8C9-01A-11R-A36H-07	TCGA-VM-A8C9	c55	magenta	c55_nonCodel-gp	c55	magenta	c55_nonCodel-gp
TCGA-HT-7477-01B-11R-A28M-07	TCGA-HT-7477	c54	blue	c54_nonCodel-pp	c542	gold	c542_G-Cimp-low
TCGA-EZ-7264-01A-11R-2027-07	TCGA-EZ-7264	c53	sienna1	c53_codel	c533	steelblue	c533_O1
TCGA-E1-A7YN-01A-11R-A34F-07	TCGA-E1-A7YN	c51	red	c51_IDHwt	c51	red2	c51_IDHwt
TCGA-DU-A5TT-01A-11R-A28M-07	TCGA-DU-A5TT	c51	red	c51_IDHwt	c51	red2	c51_IDHwt
TCGA-HT-7482-01A-11R-2027-07	TCGA-HT-7482	c55	magenta	c55_nonCodel-gp	c55	magenta	c55_nonCodel-gp
TCGA-HW-A5KJ-01A-12R-A27Q-07	TCGA-HW-A5KJ	c53	sienna1	c53_codel	c533	steelblue	c533_O1
TCGA-DB-5278-01A-01R-1470-07	TCGA-DB-5278	c53	sienna1	c53_codel	c531	darkseagreen	c531_O2
TCGA-QH-A6CZ-01A-11R-A32Q-07	TCGA-QH-A6CZ	c53	sienna1	c53_codel	c531	darkseagreen	c531_O2
TCGA-P5-A735-01A-11R-A32Q-07	TCGA-P5-A735	c54	blue	c54_nonCodel-pp	c541	blue	c541_G-Cimp-high
TCGA-DU-6392-01A-11R-1708-07	TCGA-DU-6392	c54	blue	c54_nonCodel-pp	c542	gold	c542_G-Cimp-low
TCGA-TQ-A7RR-01A-21R-A34F-07	TCGA-TQ-A7RR	c55	magenta	c55_nonCodel-gp	c55	magenta	c55_nonCodel-gp
TCGA-HT-7610-01A-21R-2090-07	TCGA-HT-7610	c52	cyan	c52	c52	cyan	c52
TCGA-E1-A7YH-01A-11R-A34F-07	TCGA-E1-A7YH	c55	magenta	c55_nonCodel-gp	c55	magenta	c55_nonCodel-gp
TCGA-E1-A7YQ-01A-11R-A34R-07	TCGA-E1-A7YQ	c51	red	c51_IDHwt	c51	red2	c51_IDHwt
TCGA-P5-A5EW-01A-11R-A27Q-07	TCGA-P5-A5EW	c54	blue	c54_nonCodel-pp	c541	blue	c541_G-Cimp-high
TCGA-TM-A84O-01A-11R-A36H-07	TCGA-TM-A84O	c53	sienna1	c53_codel	c532	sienna1	c532_O3
TCGA-FG-8186-01A-11R-2256-07	TCGA-FG-8186	c53	sienna1	c53_codel	c532	sienna1	c532_O3
TCGA-FG-A4MY-01A-11R-A26U-07	TCGA-FG-A4MY	c55	magenta	c55_nonCodel-gp	c55	magenta	c55_nonCodel-gp
TCGA-HT-7882-01A-11R-2403-07	TCGA-HT-7882	c51	red	c51_IDHwt	c51	red2	c51_IDHwt
TCGA-HT-7480-01A-11R-2090-07	TCGA-HT-7480	c53	sienna1	c53_codel	c531	darkseagreen	c531_O2
TCGA-DH-A669-01A-12R-A31N-07	TCGA-DH-A669	c53	sienna1	c53_codel	c533	steelblue	c533_O1
TCGA-DU-7294-01A-11R-2027-07	TCGA-DU-7294	c53	sienna1	c53_codel	c533	steelblue	c533_O1
TCGA-HW-7486-01A-11R-2027-07	TCGA-HW-7486	c55	magenta	c55_nonCodel-gp	c55	magenta	c55_nonCodel-gp
TCGA-DU-A5TS-01A-11R-A28M-07	TCGA-DU-A5TS	c55	magenta	c55_nonCodel-gp	c55	magenta	c55_nonCodel-gp
TCGA-DU-6408-01A-11R-1708-07	TCGA-DU-6408	c54	blue	c54_nonCodel-pp	c541	blue	c541_G-Cimp-high
TCGA-E1-A7YK-01A-11R-A34F-07	TCGA-E1-A7YK	c51	red	c51_IDHwt	c51	red2	c51_IDHwt
TCGA-CS-6670-01A-11R-1896-07	TCGA-CS-6670	c53	sienna1	c53_codel	c531	darkseagreen	c531_O2
TCGA-DU-5855-01A-11R-1708-07	TCGA-DU-5855	c54	blue	c54_nonCodel-pp	c541	blue	c541_G-Cimp-high
TCGA-DU-8168-01A-11R-2256-07	TCGA-DU-8168	c53	sienna1	c53_codel	c533	steelblue	c533_O1
TCGA-DU-5872-01A-11R-1708-07	TCGA-DU-5872	c54	blue	c54_nonCodel-pp	c541	blue	c541_G-Cimp-high
TCGA-DU-7019-01A-11R-2027-07	TCGA-DU-7019	c54	blue	c54_nonCodel-pp	c541	blue	c541_G-Cimp-high
TCGA-DU-A7TA-01A-11R-A33Z-07	TCGA-DU-A7TA	c54	blue	c54_nonCodel-pp	c541	blue	c541_G-Cimp-high
TCGA-FG-8189-01B-11R-A28M-07	TCGA-FG-8189	c52	cyan	c52	c52	cyan	c52
TCGA-DU-7011-01A-11R-2027-07	TCGA-DU-7011	c54	blue	c54_nonCodel-pp	c541	blue	c541_G-Cimp-high
TCGA-HT-7684-01A-11R-2256-07	TCGA-HT-7684	c55	magenta	c55_nonCodel-gp	c55	magenta	c55_nonCodel-gp
TCGA-P5-A5F2-01A-11R-A28M-07	TCGA-P5-A5F2	c54	blue	c54_nonCodel-pp	c541	blue	c541_G-Cimp-high
TCGA-HT-7677-01A-11R-2256-07	TCGA-HT-7677	c53	sienna1	c53_codel	c533	steelblue	c533_O1
TCGA-TM-A7CF-01A-11R-A32Q-07	TCGA-TM-A7CF	c52	cyan	c52	c52	cyan	c52
TCGA-DB-A4XB-01A-11R-A26U-07	TCGA-DB-A4XB	c54	blue	c54_nonCodel-pp	c541	blue	c541_G-Cimp-high
TCGA-HT-7855-01A-11R-2403-07	TCGA-HT-7855	c54	blue	c54_nonCodel-pp	c541	blue	c541_G-Cimp-high
TCGA-DU-6393-01A-11R-1708-07	TCGA-DU-6393	c53	sienna1	c53_codel	c533	steelblue	c533_O1
TCGA-S9-A7QY-01A-11R-A34F-07	TCGA-S9-A7QY	c53	sienna1	c53_codel	c532	sienna1	c532_O3
TCGA-S9-A6U9-01A-11R-A32Q-07	TCGA-S9-A6U9	c55	magenta	c55_nonCodel-gp	c55	magenta	c55_nonCodel-gp
TCGA-HT-7881-01A-11R-2403-07	TCGA-HT-7881	c52	cyan	c52	c52	cyan	c52
TCGA-RY-A840-01A-11R-A36H-07	TCGA-RY-A840	c53	sienna1	c53_codel	c533	steelblue	c533_O1
TCGA-S9-A7J0-01A-11R-A34F-07	TCGA-S9-A7J0	c54	blue	c54_nonCodel-pp	c542	gold	c542_G-Cimp-low
TCGA-HT-7693-01A-11R-2256-07	TCGA-HT-7693	c54	blue	c54_nonCodel-pp	c541	blue	c541_G-Cimp-high
TCGA-DU-8158-01A-11R-2256-07	TCGA-DU-8158	c51	red	c51_IDHwt	c51	red2	c51_IDHwt
TCGA-CS-4943-01A-01R-1470-07	TCGA-CS-4943	c54	blue	c54_nonCodel-pp	c542	gold	c542_G-Cimp-low
TCGA-S9-A7IQ-01A-21R-A34F-07	TCGA-S9-A7IQ	c52	cyan	c52	c52	cyan	c52
TCGA-HT-A5RA-01A-11R-A28M-07	TCGA-HT-A5RA	c51	red	c51_IDHwt	c51	red2	c51_IDHwt
TCGA-DB-A4XH-01A-11R-A27Q-07	TCGA-DB-A4XH	c53	sienna1	c53_codel	c531	darkseagreen	c531_O2
TCGA-TQ-A7RK-01A-11R-A33Z-07	TCGA-TQ-A7RK	c54	blue	c54_nonCodel-pp	c541	blue	c541_G-Cimp-high
TCGA-FG-7637-01A-11R-2090-07	TCGA-FG-7637	c53	sienna1	c53_codel	c533	steelblue	c533_O1
TCGA-VM-A8CD-01A-11R-A36H-07	TCGA-VM-A8CD	c51	red	c51_IDHwt	c51	red2	c51_IDHwt
TCGA-CS-4941-01A-01R-1470-07	TCGA-CS-4941	c51	red	c51_IDHwt	c51	red2	c51_IDHwt
TCGA-DU-7006-01A-11R-2027-07	TCGA-DU-7006	c51	red	c51_IDHwt	c51	red2	c51_IDHwt
TCGA-E1-A7YY-01A-11R-A34R-07	TCGA-E1-A7YY	c52	cyan	c52	c52	cyan	c52
TCGA-HT-7689-01A-11R-2256-07	TCGA-HT-7689	c54	blue	c54_nonCodel-pp	c541	blue	c541_G-Cimp-high
TCGA-E1-A7YI-01A-11R-A34F-07	TCGA-E1-A7YI	c54	blue	c54_nonCodel-pp	c542	gold	c542_G-Cimp-low
TCGA-HT-8011-01A-11R-2403-07	TCGA-HT-8011	c51	red	c51_IDHwt	c51	red2	c51_IDHwt
TCGA-QH-A6CS-01A-11R-A31N-07	TCGA-QH-A6CS	c51	red	c51_IDHwt	c51	red2	c51_IDHwt
TCGA-DB-A64X-01A-11R-A29R-07	TCGA-DB-A64X	c55	magenta	c55_nonCodel-gp	c55	magenta	c55_nonCodel-gp
TCGA-HW-8321-01A-11R-2404-07	TCGA-HW-8321	c54	blue	c54_nonCodel-pp	c541	blue	c541_G-Cimp-high
TCGA-P5-A72U-01A-31R-A32Q-07	TCGA-P5-A72U	c51	red	c51_IDHwt	c51	red2	c51_IDHwt
TCGA-WY-A859-01A-12R-A36H-07	TCGA-WY-A859	c52	cyan	c52	c52	cyan	c52
TCGA-HT-8107-01A-13R-2404-07	TCGA-HT-8107	c52	cyan	c52	c52	cyan	c52
TCGA-DU-A7T8-01A-21R-A34R-07	TCGA-DU-A7T8	c54	blue	c54_nonCodel-pp	c541	blue	c541_G-Cimp-high
TCGA-FG-A87Q-01A-11R-A36H-07	TCGA-FG-A87Q	c51	red	c51_IDHwt	c51	red2	c51_IDHwt
TCGA-HT-A74K-01A-11R-A32Q-07	TCGA-HT-A74K	c55	magenta	c55_nonCodel-gp	c55	magenta	c55_nonCodel-gp
TCGA-HW-7495-01A-11R-2027-07	TCGA-HW-7495	c53	sienna1	c53_codel	c531	darkseagreen	c531_O2
TCGA-TM-A84S-01A-11R-A36H-07	TCGA-TM-A84S	c53	sienna1	c53_codel	c532	sienna1	c532_O3
TCGA-HT-A5R5-01A-11R-A28M-07	TCGA-HT-A5R5	c54	blue	c54_nonCodel-pp	c541	blue	c541_G-Cimp-high
TCGA-FG-A70Z-01A-12R-A33Z-07	TCGA-FG-A70Z	c51	red	c51_IDHwt	c51	red2	c51_IDHwt
TCGA-DU-7013-01A-11R-2027-07	TCGA-DU-7013	c51	red	c51_IDHwt	c51	red2	c51_IDHwt
TCGA-HT-7603-01A-21R-2090-07	TCGA-HT-7603	c52	cyan	c52	c52	cyan	c52
TCGA-RY-A843-01A-11R-A36H-07	TCGA-RY-A843	c54	blue	c54_nonCodel-pp	c541	blue	c541_G-Cimp-high
TCGA-HT-A5RB-01A-11R-A28M-07	TCGA-HT-A5RB	c54	blue	c54_nonCodel-pp	c541	blue	c541_G-Cimp-high
TCGA-TM-A84B-01A-11R-A36H-07	TCGA-TM-A84B	c51	red	c51_IDHwt	c51	red2	c51_IDHwt
TCGA-DU-7299-01A-21R-2027-07	TCGA-DU-7299	c54	blue	c54_nonCodel-pp	c541	blue	c541_G-Cimp-high
TCGA-P5-A5F1-01A-11R-A28M-07	TCGA-P5-A5F1	c55	magenta	c55_nonCodel-gp	c55	magenta	c55_nonCodel-gp
TCGA-DH-5144-01A-01R-1470-07	TCGA-DH-5144	c53	sienna1	c53_codel	c533	steelblue	c533_O1
TCGA-FG-7638-01B-12R-2090-07	TCGA-FG-7638	c53	sienna1	c53_codel	c531	darkseagreen	c531_O2
TCGA-TQ-A8XE-01A-11R-A36H-07	TCGA-TQ-A8XE	c54	blue	c54_nonCodel-pp	c541	blue	c541_G-Cimp-high
TCGA-HT-8010-01A-11R-2403-07	TCGA-HT-8010	c52	cyan	c52	c52	cyan	c52
TCGA-DU-A7TJ-01A-11R-A34R-07	TCGA-DU-A7TJ	c51	red	c51_IDHwt	c51	red2	c51_IDHwt
TCGA-P5-A5F4-01A-11R-A28M-07	TCGA-P5-A5F4	c52	cyan	c52	c52	cyan	c52
TCGA-QH-A870-01A-11R-A36H-07	TCGA-QH-A870	c55	magenta	c55_nonCodel-gp	c55	magenta	c55_nonCodel-gp
TCGA-P5-A72Z-01A-11R-A32Q-07	TCGA-P5-A72Z	c53	sienna1	c53_codel	c533	steelblue	c533_O1
TCGA-HT-8113-01A-11R-2404-07	TCGA-HT-8113	c52	cyan	c52	c52	cyan	c52
TCGA-QH-A6CV-01A-11R-A31N-07	TCGA-QH-A6CV	c51	red	c51_IDHwt	c51	red2	c51_IDHwt
TCGA-DH-A7US-01A-11R-A33Z-07	TCGA-DH-A7US	c53	sienna1	c53_codel	c532	sienna1	c532_O3
TCGA-DB-A64R-01A-11R-A29R-07	TCGA-DB-A64R	c53	sienna1	c53_codel	c531	darkseagreen	c531_O2
TCGA-HT-7479-01A-11R-2027-07	TCGA-HT-7479	c55	magenta	c55_nonCodel-gp	c55	magenta	c55_nonCodel-gp
TCGA-CS-6665-01A-11R-1896-07	TCGA-CS-6665	c51	red	c51_IDHwt	c51	red2	c51_IDHwt
TCGA-S9-A7R1-01A-12R-A34R-07	TCGA-S9-A7R1	c53	sienna1	c53_codel	c531	darkseagreen	c531_O2
TCGA-S9-A6TV-01A-12R-A34R-07	TCGA-S9-A6TV	c51	red	c51_IDHwt	c51	red2	c51_IDHwt
TCGA-DU-7290-01A-11R-2027-07	TCGA-DU-7290	c51	red	c51_IDHwt	c51	red2	c51_IDHwt
TCGA-P5-A72X-01A-11R-A32Q-07	TCGA-P5-A72X	c54	blue	c54_nonCodel-pp	c541	blue	c541_G-Cimp-high
TCGA-HT-A619-01A-11R-A29R-07	TCGA-HT-A619	c53	sienna1	c53_codel	c533	steelblue	c533_O1
TCGA-S9-A6TZ-01A-21R-A32Q-07	TCGA-S9-A6TZ	c54	blue	c54_nonCodel-pp	c541	blue	c541_G-Cimp-high
TCGA-HT-7902-01A-12R-2403-07	TCGA-HT-7902	c55	magenta	c55_nonCodel-gp	c55	magenta	c55_nonCodel-gp
TCGA-HT-A5RC-01A-11R-A28M-07	TCGA-HT-A5RC	c51	red	c51_IDHwt	c51	red2	c51_IDHwt
TCGA-DB-A64L-01A-11R-A29R-07	TCGA-DB-A64L	c53	sienna1	c53_codel	c531	darkseagreen	c531_O2
TCGA-DU-7302-01A-11R-2090-07	TCGA-DU-7302	c52	cyan	c52	c52	cyan	c52
TCGA-HT-A74O-01A-11R-A32Q-07	TCGA-HT-A74O	c55	magenta	c55_nonCodel-gp	c55	magenta	c55_nonCodel-gp
TCGA-VM-A8CA-01A-11R-A36H-07	TCGA-VM-A8CA	c55	magenta	c55_nonCodel-gp	c55	magenta	c55_nonCodel-gp
TCGA-HT-7694-01A-11R-2256-07	TCGA-HT-7694	c52	cyan	c52	c52	cyan	c52
TCGA-DU-6399-01A-12R-1708-07	TCGA-DU-6399	c54	blue	c54_nonCodel-pp	c541	blue	c541_G-Cimp-high
TCGA-HT-A74H-01A-11R-A32Q-07	TCGA-HT-A74H	c51	red	c51_IDHwt	c51	red2	c51_IDHwt
TCGA-RY-A847-01A-11R-A36H-07	TCGA-RY-A847	c53	sienna1	c53_codel	c531	darkseagreen	c531_O2
TCGA-DH-5140-01A-01R-1470-07	TCGA-DH-5140	c54	blue	c54_nonCodel-pp	c542	gold	c542_G-Cimp-low
TCGA-TM-A84Q-01A-11R-A36H-07	TCGA-TM-A84Q	c54	blue	c54_nonCodel-pp	c541	blue	c541_G-Cimp-high
TCGA-DU-5853-01A-11R-1896-07	TCGA-DU-5853	c54	blue	c54_nonCodel-pp	c541	blue	c541_G-Cimp-high
TCGA-FG-8187-01A-11R-2256-07	TCGA-FG-8187	c55	magenta	c55_nonCodel-gp	c55	magenta	c55_nonCodel-gp
TCGA-TQ-A7RQ-01A-11R-A33Z-07	TCGA-TQ-A7RQ	c53	sienna1	c53_codel	c531	darkseagreen	c531_O2
TCGA-CS-4942-01A-01R-1470-07	TCGA-CS-4942	c54	blue	c54_nonCodel-pp	c541	blue	c541_G-Cimp-high
TCGA-P5-A72W-01A-11R-A32Q-07	TCGA-P5-A72W	c55	magenta	c55_nonCodel-gp	c55	magenta	c55_nonCodel-gp
TCGA-WY-A858-01A-11R-A36H-07	TCGA-WY-A858	c55	magenta	c55_nonCodel-gp	c55	magenta	c55_nonCodel-gp
TCGA-FG-A6J1-01A-11R-A31N-07	TCGA-FG-A6J1	c55	magenta	c55_nonCodel-gp	c55	magenta	c55_nonCodel-gp
TCGA-HT-A61A-01A-11R-A29R-07	TCGA-HT-A61A	c52	cyan	c52	c52	cyan	c52
TCGA-DU-7292-01A-11R-2027-07	TCGA-DU-7292	c52	cyan	c52	c52	cyan	c52
TCGA-TM-A7C3-01A-11R-A32Q-07	TCGA-TM-A7C3	c51	red	c51_IDHwt	c51	red2	c51_IDHwt
TCGA-S9-A7J2-01A-11R-A34F-07	TCGA-S9-A7J2	c53	sienna1	c53_codel	c532	sienna1	c532_O3
TCGA-DB-5276-01A-01R-1470-07	TCGA-DB-5276	c54	blue	c54_nonCodel-pp	c541	blue	c541_G-Cimp-high
TCGA-HT-7880-01A-11R-2403-07	TCGA-HT-7880	c52	cyan	c52	c52	cyan	c52
TCGA-HT-7609-01A-11R-2090-07	TCGA-HT-7609	c54	blue	c54_nonCodel-pp	c541	blue	c541_G-Cimp-high
TCGA-FG-A4MW-01A-11R-A26U-07	TCGA-FG-A4MW	c51	red	c51_IDHwt	c51	red2	c51_IDHwt
TCGA-QH-A65R-01A-21R-A31N-07	TCGA-QH-A65R	c53	sienna1	c53_codel	c533	steelblue	c533_O1
TCGA-DU-6407-01A-13R-1708-07	TCGA-DU-6407	c54	blue	c54_nonCodel-pp	c541	blue	c541_G-Cimp-high
TCGA-FG-7634-01A-11R-2090-07	TCGA-FG-7634	c53	sienna1	c53_codel	c533	steelblue	c533_O1
TCGA-R8-A73M-01A-11R-A32Q-07	TCGA-R8-A73M	c55	magenta	c55_nonCodel-gp	c55	magenta	c55_nonCodel-gp
TCGA-P5-A5EY-01A-11R-A27Q-07	TCGA-P5-A5EY	c52	cyan	c52	c52	cyan	c52
TCGA-FG-7643-01A-11R-2090-07	TCGA-FG-7643	c52	cyan	c52	c52	cyan	c52
TCGA-E1-5302-01A-01R-1470-07	TCGA-E1-5302	c54	blue	c54_nonCodel-pp	c541	blue	c541_G-Cimp-high
TCGA-DU-A76L-01A-11R-A32Q-07	TCGA-DU-A76L	c51	red	c51_IDHwt	c51	red2	c51_IDHwt
TCGA-HT-8012-01A-11R-2403-07	TCGA-HT-8012	c53	sienna1	c53_codel	c531	darkseagreen	c531_O2
TCGA-HW-8320-01A-11R-2404-07	TCGA-HW-8320	c54	blue	c54_nonCodel-pp	c541	blue	c541_G-Cimp-high
TCGA-DU-7007-01A-11R-2027-07	TCGA-DU-7007	c51	red	c51_IDHwt	c51	red2	c51_IDHwt
TCGA-DB-A75M-01A-11R-A32Q-07	TCGA-DB-A75M	c55	magenta	c55_nonCodel-gp	c55	magenta	c55_nonCodel-gp
TCGA-DU-6396-01A-11R-1708-07	TCGA-DU-6396	c54	blue	c54_nonCodel-pp	c541	blue	c541_G-Cimp-high
TCGA-DU-A7TI-01A-11R-A33Z-07	TCGA-DU-A7TI	c54	blue	c54_nonCodel-pp	c541	blue	c541_G-Cimp-high
TCGA-HT-7690-01A-11R-2256-07	TCGA-HT-7690	c54	blue	c54_nonCodel-pp	c541	blue	c541_G-Cimp-high
TCGA-HT-8563-01A-11R-2404-07	TCGA-HT-8563	c51	red	c51_IDHwt	c51	red2	c51_IDHwt
TCGA-E1-5305-01A-01R-1896-07	TCGA-E1-5305	c54	blue	c54_nonCodel-pp	c541	blue	c541_G-Cimp-high
TCGA-W9-A837-01A-11R-A36H-07	TCGA-W9-A837	c53	sienna1	c53_codel	c531	darkseagreen	c531_O2
TCGA-DU-8162-01A-21R-2256-07	TCGA-DU-8162	c52	cyan	c52	c52	cyan	c52
TCGA-S9-A6WL-01A-21R-A33Z-07	TCGA-S9-A6WL	c52	cyan	c52	c52	cyan	c52
TCGA-IK-7675-01A-11R-2090-07	TCGA-IK-7675	c54	blue	c54_nonCodel-pp	c542	gold	c542_G-Cimp-low
TCGA-S9-A6WE-01A-12R-A33Z-07	TCGA-S9-A6WE	c53	sienna1	c53_codel	c532	sienna1	c532_O3
TCGA-HT-A617-01A-11R-A29R-07	TCGA-HT-A617	c51	red	c51_IDHwt	c51	red2	c51_IDHwt
TCGA-DH-A7UR-01A-11R-A33Z-07	TCGA-DH-A7UR	c53	sienna1	c53_codel	c533	steelblue	c533_O1
TCGA-TQ-A7RU-01A-21R-A34F-07	TCGA-TQ-A7RU	c53	sienna1	c53_codel	c533	steelblue	c533_O1
TCGA-CS-5395-01A-01R-1470-07	TCGA-CS-5395	c51	red	c51_IDHwt	c51	red2	c51_IDHwt
TCGA-QH-A6CY-01A-11R-A32Q-07	TCGA-QH-A6CY	c52	cyan	c52	c52	cyan	c52
TCGA-KT-A74X-01A-11R-A32Q-07	TCGA-KT-A74X	c53	sienna1	c53_codel	c532	sienna1	c532_O3
TCGA-E1-5304-01A-01R-1470-07	TCGA-E1-5304	c54	blue	c54_nonCodel-pp	c542	gold	c542_G-Cimp-low
TCGA-DU-8161-01A-11R-2256-07	TCGA-DU-8161	c51	red	c51_IDHwt	c51	red2	c51_IDHwt
TCGA-DU-8166-01A-11R-2256-07	TCGA-DU-8166	c54	blue	c54_nonCodel-pp	c541	blue	c541_G-Cimp-high
TCGA-DU-A5TW-01A-11R-A28M-07	TCGA-DU-A5TW	c54	blue	c54_nonCodel-pp	c541	blue	c541_G-Cimp-high
TCGA-E1-A7YV-01A-11R-A34R-07	TCGA-E1-A7YV	c54	blue	c54_nonCodel-pp	c542	gold	c542_G-Cimp-low
TCGA-HT-7472-01A-11R-2027-07	TCGA-HT-7472	c54	blue	c54_nonCodel-pp	c541	blue	c541_G-Cimp-high
TCGA-HT-7476-01A-11R-2027-07	TCGA-HT-7476	c52	cyan	c52	c52	cyan	c52
TCGA-QH-A65V-01A-11R-A29R-07	TCGA-QH-A65V	c55	magenta	c55_nonCodel-gp	c55	magenta	c55_nonCodel-gp
TCGA-CS-6186-01A-12R-2027-07	TCGA-CS-6186	c51	red	c51_IDHwt	c51	red2	c51_IDHwt
TCGA-DB-A75K-01A-11R-A32Q-07	TCGA-DB-A75K	c53	sienna1	c53_codel	c532	sienna1	c532_O3
TCGA-DU-5851-01A-13R-1896-07	TCGA-DU-5851	c52	cyan	c52	c52	cyan	c52
TCGA-DU-6401-01A-11R-1708-07	TCGA-DU-6401	c54	blue	c54_nonCodel-pp	c541	blue	c541_G-Cimp-high
TCGA-CS-6668-01A-11R-1896-07	TCGA-CS-6668	c53	sienna1	c53_codel	c533	steelblue	c533_O1
TCGA-DU-6395-01A-13R-1708-07	TCGA-DU-6395	c54	blue	c54_nonCodel-pp	c541	blue	c541_G-Cimp-high
TCGA-FG-5962-01B-11R-1896-07	TCGA-FG-5962	c52	cyan	c52	c52	cyan	c52
TCGA-HT-7874-01A-11R-2403-07	TCGA-HT-7874	c52	cyan	c52	c52	cyan	c52
TCGA-DU-7012-01A-11R-2027-07	TCGA-DU-7012	c51	red	c51_IDHwt	c51	red2	c51_IDHwt
TCGA-HT-7620-01A-11R-2256-07	TCGA-HT-7620	c55	magenta	c55_nonCodel-gp	c55	magenta	c55_nonCodel-gp
TCGA-S9-A7J1-01A-21R-A34R-07	TCGA-S9-A7J1	c53	sienna1	c53_codel	c532	sienna1	c532_O3
TCGA-DU-6402-01A-11R-1708-07	TCGA-DU-6402	c51	red	c51_IDHwt	c51	red2	c51_IDHwt
TCGA-TQ-A7RS-01A-12R-A33Z-07	TCGA-TQ-A7RS	c53	sienna1	c53_codel	c532	sienna1	c532_O3
TCGA-P5-A5EU-01A-11R-A27Q-07	TCGA-P5-A5EU	c51	red	c51_IDHwt	c51	red2	c51_IDHwt
TCGA-DU-A76K-01A-11R-A33Z-07	TCGA-DU-A76K	c52	cyan	c52	c52	cyan	c52
TCGA-P5-A737-01A-11R-A32Q-07	TCGA-P5-A737	c53	sienna1	c53_codel	c533	steelblue	c533_O1
TCGA-FG-6689-01A-11R-1896-07	TCGA-FG-6689	c54	blue	c54_nonCodel-pp	c541	blue	c541_G-Cimp-high
TCGA-S9-A7QX-01A-11R-A34F-07	TCGA-S9-A7QX	c54	blue	c54_nonCodel-pp	c541	blue	c541_G-Cimp-high
TCGA-CS-6666-01A-11R-1896-07	TCGA-CS-6666	c54	blue	c54_nonCodel-pp	c541	blue	c541_G-Cimp-high
TCGA-HT-7676-01A-11R-2403-07	TCGA-HT-7676	c54	blue	c54_nonCodel-pp	c541	blue	c541_G-Cimp-high
TCGA-E1-5307-01A-01R-1896-07	TCGA-E1-5307	c54	blue	c54_nonCodel-pp	c541	blue	c541_G-Cimp-high
TCGA-QH-A65X-01A-11R-A32Q-07	TCGA-QH-A65X	c55	magenta	c55_nonCodel-gp	c55	magenta	c55_nonCodel-gp
TCGA-HT-A5R7-01A-11R-A28M-07	TCGA-HT-A5R7	c52	cyan	c52	c52	cyan	c52
TCGA-FG-6692-01A-11R-1896-07	TCGA-FG-6692	c51	red	c51_IDHwt	c51	red2	c51_IDHwt
TCGA-CS-4944-01A-01R-1470-07	TCGA-CS-4944	c55	magenta	c55_nonCodel-gp	c55	magenta	c55_nonCodel-gp
TCGA-S9-A7QZ-01A-12R-A34R-07	TCGA-S9-A7QZ	c53	sienna1	c53_codel	c531	darkseagreen	c531_O2
TCGA-DU-8164-01A-11R-2256-07	TCGA-DU-8164	c53	sienna1	c53_codel	c531	darkseagreen	c531_O2
TCGA-DU-A7TC-01A-21R-A34R-07	TCGA-DU-A7TC	c52	cyan	c52	c52	cyan	c52
TCGA-HW-8322-01A-11R-2404-07	TCGA-HW-8322	c53	sienna1	c53_codel	c533	steelblue	c533_O1
TCGA-DB-5280-01A-01R-1470-07	TCGA-DB-5280	c54	blue	c54_nonCodel-pp	c541	blue	c541_G-Cimp-high
TCGA-S9-A6WI-01A-21R-A33Z-07	TCGA-S9-A6WI	c52	cyan	c52	c52	cyan	c52
TCGA-TQ-A7RH-01A-12R-A34F-07	TCGA-TQ-A7RH	c54	blue	c54_nonCodel-pp	c541	blue	c541_G-Cimp-high
TCGA-HT-A74L-01A-11R-A32Q-07	TCGA-HT-A74L	c53	sienna1	c53_codel	c532	sienna1	c532_O3
TCGA-TQ-A7RO-01A-11R-A33Z-07	TCGA-TQ-A7RO	c53	sienna1	c53_codel	c532	sienna1	c532_O3
TCGA-S9-A7R2-01A-21R-A34R-07	TCGA-S9-A7R2	c51	red	c51_IDHwt	c51	red2	c51_IDHwt
TCGA-DU-7304-01A-12R-2090-07	TCGA-DU-7304	c54	blue	c54_nonCodel-pp	c541	blue	c541_G-Cimp-high
TCGA-DU-7301-01A-11R-2090-07	TCGA-DU-7301	c54	blue	c54_nonCodel-pp	c541	blue	c541_G-Cimp-high
TCGA-HT-7875-01A-11R-2403-07	TCGA-HT-7875	c53	sienna1	c53_codel	c531	darkseagreen	c531_O2
TCGA-P5-A733-01A-11R-A32Q-07	TCGA-P5-A733	c54	blue	c54_nonCodel-pp	c541	blue	c541_G-Cimp-high
TCGA-DU-7014-01A-11R-2027-07	TCGA-DU-7014	c54	blue	c54_nonCodel-pp	c541	blue	c541_G-Cimp-high
TCGA-QH-A65Z-01A-11R-A29R-07	TCGA-QH-A65Z	c53	sienna1	c53_codel	c532	sienna1	c532_O3
TCGA-DB-A64P-01A-11R-A29R-07	TCGA-DB-A64P	c53	sienna1	c53_codel	c532	sienna1	c532_O3
TCGA-DU-7298-01A-11R-2027-07	TCGA-DU-7298	c54	blue	c54_nonCodel-pp	c541	blue	c541_G-Cimp-high
TCGA-DU-5870-01A-11R-1708-07	TCGA-DU-5870	c53	sienna1	c53_codel	c532	sienna1	c532_O3
TCGA-DU-5871-01A-12R-1708-07	TCGA-DU-5871	c54	blue	c54_nonCodel-pp	c541	blue	c541_G-Cimp-high
TCGA-TQ-A7RP-01A-21R-A34F-07	TCGA-TQ-A7RP	c51	red	c51_IDHwt	c51	red2	c51_IDHwt
TCGA-HT-8558-01A-21R-2404-07	TCGA-HT-8558	c52	cyan	c52	c52	cyan	c52
TCGA-DU-A5TY-01A-11R-A28M-07	TCGA-DU-A5TY	c51	red	c51_IDHwt	c51	red2	c51_IDHwt
TCGA-DB-A75O-01A-11R-A32Q-07	TCGA-DB-A75O	c55	magenta	c55_nonCodel-gp	c55	magenta	c55_nonCodel-gp
TCGA-HT-7469-01A-11R-2256-07	TCGA-HT-7469	c51	red	c51_IDHwt	c51	red2	c51_IDHwt
TCGA-DU-A76R-01A-11R-A32Q-07	TCGA-DU-A76R	c53	sienna1	c53_codel	c532	sienna1	c532_O3
TCGA-QH-A65S-01A-11R-A29R-07	TCGA-QH-A65S	c55	magenta	c55_nonCodel-gp	c55	magenta	c55_nonCodel-gp
TCGA-HT-7611-01A-11R-2403-07	TCGA-HT-7611	c54	blue	c54_nonCodel-pp	c541	blue	c541_G-Cimp-high
TCGA-P5-A77W-01A-11R-A32Q-07	TCGA-P5-A77W	c53	sienna1	c53_codel	c533	steelblue	c533_O1
TCGA-RY-A83X-01A-11R-A36H-07	TCGA-RY-A83X	c53	sienna1	c53_codel	c532	sienna1	c532_O3
TCGA-FG-6690-01A-11R-1896-07	TCGA-FG-6690	c54	blue	c54_nonCodel-pp	c541	blue	c541_G-Cimp-high
TCGA-HT-7473-01A-11R-2027-07	TCGA-HT-7473	c54	blue	c54_nonCodel-pp	c541	blue	c541_G-Cimp-high
TCGA-CS-5390-01A-02R-1470-07	TCGA-CS-5390	c53	sienna1	c53_codel	c533	steelblue	c533_O1
TCGA-HW-7489-01A-11R-2027-07	TCGA-HW-7489	c52	cyan	c52	c52	cyan	c52
TCGA-QH-A6X4-01A-51R-A32Q-07	TCGA-QH-A6X4	c53	sienna1	c53_codel	c532	sienna1	c532_O3
TCGA-HT-7877-01A-11R-2403-07	TCGA-HT-7877	c53	sienna1	c53_codel	c531	darkseagreen	c531_O2
TCGA-HW-7487-01A-11R-2027-07	TCGA-HW-7487	c52	cyan	c52	c52	cyan	c52
TCGA-E1-A7YO-01A-11R-A34F-07	TCGA-E1-A7YO	c53	sienna1	c53_codel	c531	darkseagreen	c531_O2
TCGA-S9-A6UB-01A-21R-A33Z-07	TCGA-S9-A6UB	c53	sienna1	c53_codel	c533	steelblue	c533_O1
TCGA-WY-A85A-01A-21R-A36H-07	TCGA-WY-A85A	c54	blue	c54_nonCodel-pp	c541	blue	c541_G-Cimp-high
TCGA-HT-8013-01A-11R-2403-07	TCGA-HT-8013	c54	blue	c54_nonCodel-pp	c541	blue	c541_G-Cimp-high
TCGA-VV-A86M-01A-11R-A36H-07	TCGA-VV-A86M	c54	blue	c54_nonCodel-pp	c541	blue	c541_G-Cimp-high
TCGA-HW-7491-01A-11R-2027-07	TCGA-HW-7491	c53	sienna1	c53_codel	c533	steelblue	c533_O1
TCGA-S9-A6TY-01A-12R-A32Q-07	TCGA-S9-A6TY	c53	sienna1	c53_codel	c531	darkseagreen	c531_O2
TCGA-HT-7879-01A-11R-2403-07	TCGA-HT-7879	c54	blue	c54_nonCodel-pp	c541	blue	c541_G-Cimp-high
TCGA-S9-A6WH-01A-12R-A33Z-07	TCGA-S9-A6WH	c53	sienna1	c53_codel	c533	steelblue	c533_O1
TCGA-S9-A6WG-01A-11R-A33Z-07	TCGA-S9-A6WG	c51	red	c51_IDHwt	c51	red2	c51_IDHwt
TCGA-S9-A6U8-01A-21R-A33Z-07	TCGA-S9-A6U8	c55	magenta	c55_nonCodel-gp	c55	magenta	c55_nonCodel-gp
TCGA-FN-7833-01A-11R-2090-07	TCGA-FN-7833	c54	blue	c54_nonCodel-pp	c541	blue	c541_G-Cimp-high
TCGA-HT-8111-01A-11R-2404-07	TCGA-HT-8111	c55	magenta	c55_nonCodel-gp	c55	magenta	c55_nonCodel-gp
TCGA-HW-7490-01A-11R-2027-07	TCGA-HW-7490	c54	blue	c54_nonCodel-pp	c541	blue	c541_G-Cimp-high
TCGA-FG-6688-01A-11R-1896-07	TCGA-FG-6688	c51	red	c51_IDHwt	c51	red2	c51_IDHwt
TCGA-S9-A6TS-01A-12R-A33Z-07	TCGA-S9-A6TS	c55	magenta	c55_nonCodel-gp	c55	magenta	c55_nonCodel-gp
TCGA-RY-A83Z-01A-11R-A36H-07	TCGA-RY-A83Z	c55	magenta	c55_nonCodel-gp	c55	magenta	c55_nonCodel-gp
TCGA-S9-A6WN-01A-12R-A33Z-07	TCGA-S9-A6WN	c51	red	c51_IDHwt	c51	red2	c51_IDHwt
TCGA-DB-A75P-01A-11R-A32Q-07	TCGA-DB-A75P	c52	cyan	c52	c52	cyan	c52
TCGA-TM-A84G-01A-11R-A36H-07	TCGA-TM-A84G	c53	sienna1	c53_codel	c533	steelblue	c533_O1
TCGA-DU-A76O-01A-11R-A32Q-07	TCGA-DU-A76O	c54	blue	c54_nonCodel-pp	c541	blue	c541_G-Cimp-high
TCGA-DU-A6S2-01A-21R-A32Q-07	TCGA-DU-A6S2	c53	sienna1	c53_codel	c531	darkseagreen	c531_O2
TCGA-S9-A6TW-01A-12R-A32Q-07	TCGA-S9-A6TW	c53	sienna1	c53_codel	c532	sienna1	c532_O3
TCGA-DB-A4X9-01A-11R-A26U-07	TCGA-DB-A4X9	c54	blue	c54_nonCodel-pp	c541	blue	c541_G-Cimp-high
TCGA-RY-A845-01A-11R-A36H-07	TCGA-RY-A845	c54	blue	c54_nonCodel-pp	c541	blue	c541_G-Cimp-high
TCGA-CS-5396-01A-02R-1470-07	TCGA-CS-5396	c53	sienna1	c53_codel	c533	steelblue	c533_O1
